{
    "count": 4,
    "id": 113,
    "fiducials": [
        {
            "x": -53.74779651418684,
            "y": 19.52134877876388,
            "z": 9.999869770367939
        },
        {
            "x": -55.64979608252108,
            "y": -20.26124621137332,
            "z": -9.595217000225118
        },
        {
            "x": 52.72177114614215,
            "y": 30.40908023982835,
            "z": -6.685075371087149
        },
        {
            "x": 56.67582145056566,
            "y": -29.669182807218554,
            "z": 6.280422600944089
        }
    ],
    "pivot": {
        "x": 0.0,
        "y": 0.0,
        "z": 0.0
    }
}