{
    "count": 4,
    "fiducials": [
        {
            "x": -53.74736040944088,
            "y": 19.522377060176748,
            "z": 9.999599614143412
        },
        {
            "x": -55.650433758255474,
            "y": -20.261529326003775,
            "z": -9.594972119348608
        },
        {
            "x": 52.72285870296142,
            "y": 30.408839175939125,
            "z": -6.685083012971933
        },
        {
            "x": 56.674935464735,
            "y": -29.66968691011246,
            "z": 6.280455518177358
        }
    ],
    "pivot": {
        "x": 0.0,
        "y": 0.0,
        "z": 0.0
    }
}
