{
    "count": 3,
    "id": 110,
    "fiducials": [
        {
            "x": 0.0,
            "y": 0.0,
            "z": 0.0
        },
        {
            "x": 83.5,
            "y": 0.0,
            "z": 0.0
        },
        {
            "x": 54.062874,
            "y": 40.416032,
            "z": 0.0
        }
    ]
}
